<?xml version="1.0" encoding="UTF-8"?>
<DARoots Version="1" Minor="26">
  <FileSet Name="constrs_in" Type="Constrs" RelSrcDir="$PSRCDIR/constrs_1">
    <Filter Type="Constrs"/>
    <File Path="$PSRCDIR/constrs_1/imports/output.ucf">
      <FileInfo>
        <Attr Name="ImportPath" Val="$PPRDIR/../../../constraint/output.ucf"/>
        <Attr Name="ImportTime" Val="1507367835"/>
        <Attr Name="UsedInSynthesis" Val="1"/>
        <Attr Name="UsedInImplementation" Val="1"/>
      </FileInfo>
    </File>
    <File Path="$PSRCDIR/constrs_1/imports/mojo/library/components/io_shield.ucf">
      <FileInfo>
        <Attr Name="ImportPath" Val="$PPRDIR/../../../../../../../Programs/mojo/library/components/io_shield.ucf"/>
        <Attr Name="ImportTime" Val="1477283388"/>
        <Attr Name="UsedInSynthesis" Val="1"/>
        <Attr Name="UsedInImplementation" Val="1"/>
      </FileInfo>
    </File>
    <File Path="$PSRCDIR/constrs_1/imports/mojo/library/components/mojo.ucf">
      <FileInfo>
        <Attr Name="ImportPath" Val="$PPRDIR/../../../../../../../Programs/mojo/library/components/mojo.ucf"/>
        <Attr Name="ImportTime" Val="1477283388"/>
        <Attr Name="UsedInSynthesis" Val="1"/>
        <Attr Name="UsedInImplementation" Val="1"/>
      </FileInfo>
    </File>
    <Config>
      <Option Name="ConstrsType" Val="UCF"/>
    </Config>
  </FileSet>
</DARoots>
